Day,Sum_of_steps,Avg_of_steps
Fri,938477,7820.6416666666646
Mon,933704,8488.2181818181816
Sat,1010969,8946.6283185840712
Sun,838921,7626.5545454545445
Thu,1088658,8185.3984962405957
Tue,1235001,8949.2826086956575
Wed,1133906,8157.59712230216